from,to,weight
convai_agent_1,convai_agent_76,
convai_agent_2,convai_agent_458,
convai_agent_2,convai_agent_551,
convai_agent_3,convai_agent_149,
convai_agent_4,convai_agent_294,
convai_agent_5,convai_agent_301,
convai_agent_5,convai_agent_373,
convai_agent_6,convai_agent_81,
convai_agent_7,convai_agent_119,
convai_agent_8,convai_agent_294,
convai_agent_9,convai_agent_149,
convai_agent_10,convai_agent_76,
convai_agent_11,convai_agent_294,
convai_agent_11,convai_agent_354,
convai_agent_11,convai_agent_454,
convai_agent_11,convai_agent_504,
convai_agent_12,convai_agent_149,
convai_agent_13,convai_agent_241,
convai_agent_13,convai_agent_294,
convai_agent_13,convai_agent_592,
convai_agent_14,convai_agent_149,
convai_agent_15,convai_agent_149,
convai_agent_16,convai_agent_149,
convai_agent_16,convai_agent_227,
convai_agent_17,convai_agent_149,
convai_agent_18,convai_agent_81,
convai_agent_18,convai_agent_294,
convai_agent_19,convai_agent_81,
convai_agent_19,convai_agent_134,
convai_agent_19,convai_agent_294,
convai_agent_20,convai_agent_294,
convai_agent_21,convai_agent_149,
convai_agent_21,convai_agent_152,
convai_agent_22,convai_agent_149,
convai_agent_22,convai_agent_546,
convai_agent_23,convai_agent_149,
convai_agent_23,convai_agent_234,
convai_agent_24,convai_agent_277,
convai_agent_24,convai_agent_294,
convai_agent_24,convai_agent_420,
convai_agent_24,convai_agent_503,
convai_agent_25,convai_agent_149,
convai_agent_26,convai_agent_294,
convai_agent_27,convai_agent_175,
convai_agent_27,convai_agent_292,
convai_agent_28,convai_agent_577,
convai_agent_29,convai_agent_76,
convai_agent_30,convai_agent_149,
convai_agent_30,convai_agent_412,
convai_agent_31,convai_agent_81,
convai_agent_31,convai_agent_294,
convai_agent_31,convai_agent_543,
convai_agent_32,convai_agent_76,
convai_agent_33,convai_agent_294,
convai_agent_33,convai_agent_330,
convai_agent_34,convai_agent_174,
convai_agent_35,convai_agent_294,
convai_agent_36,convai_agent_149,
convai_agent_37,convai_agent_76,
convai_agent_37,convai_agent_77,
convai_agent_38,convai_agent_149,
convai_agent_39,convai_agent_354,
convai_agent_40,convai_agent_149,
convai_agent_41,convai_agent_149,
convai_agent_42,convai_agent_76,
convai_agent_43,convai_agent_530,
convai_agent_43,convai_agent_536,
convai_agent_43,convai_agent_585,
convai_agent_44,convai_agent_49,
convai_agent_45,convai_agent_294,
convai_agent_46,convai_agent_149,
convai_agent_47,convai_agent_149,
convai_agent_48,convai_agent_149,
convai_agent_49,convai_agent_149,
convai_agent_49,convai_agent_400,
convai_agent_50,convai_agent_56,
convai_agent_50,convai_agent_294,
convai_agent_51,convai_agent_294,
convai_agent_52,convai_agent_149,
convai_agent_53,convai_agent_154,
convai_agent_54,convai_agent_476,
convai_agent_55,convai_agent_294,
convai_agent_56,convai_agent_50,
convai_agent_57,convai_agent_544,
convai_agent_58,convai_agent_294,
convai_agent_59,convai_agent_497,
convai_agent_60,convai_agent_10,
convai_agent_60,convai_agent_63,
convai_agent_60,convai_agent_76,
convai_agent_61,convai_agent_76,
convai_agent_62,convai_agent_76,
convai_agent_63,convai_agent_60,
convai_agent_63,convai_agent_76,
convai_agent_63,convai_agent_77,
convai_agent_63,convai_agent_99,
convai_agent_64,convai_agent_516,
convai_agent_65,convai_agent_2,
convai_agent_65,convai_agent_294,
convai_agent_65,convai_agent_551,
convai_agent_66,convai_agent_294,
convai_agent_67,convai_agent_49,
convai_agent_68,convai_agent_227,
convai_agent_69,convai_agent_140,
convai_agent_69,convai_agent_294,
convai_agent_70,convai_agent_294,
convai_agent_71,convai_agent_149,
convai_agent_72,convai_agent_49,
convai_agent_72,convai_agent_149,
convai_agent_73,convai_agent_76,
convai_agent_73,convai_agent_207,
convai_agent_74,convai_agent_95,
convai_agent_75,convai_agent_420,
convai_agent_76,convai_agent_77,
convai_agent_77,convai_agent_63,
convai_agent_77,convai_agent_76,
convai_agent_77,convai_agent_85,
convai_agent_77,convai_agent_99,
convai_agent_78,convai_agent_227,
convai_agent_79,convai_agent_149,
convai_agent_79,convai_agent_152,
convai_agent_79,convai_agent_154,
convai_agent_79,convai_agent_213,
convai_agent_79,convai_agent_246,
convai_agent_79,convai_agent_491,
convai_agent_80,convai_agent_182,
convai_agent_80,convai_agent_214,
convai_agent_80,convai_agent_564,
convai_agent_81,convai_agent_92,
convai_agent_81,convai_agent_134,
convai_agent_81,convai_agent_294,
convai_agent_81,convai_agent_571,
convai_agent_82,convai_agent_76,
convai_agent_83,convai_agent_294,
convai_agent_84,convai_agent_149,
convai_agent_85,convai_agent_76,
convai_agent_85,convai_agent_77,
convai_agent_86,convai_agent_227,
convai_agent_87,convai_agent_294,
convai_agent_88,convai_agent_478,
convai_agent_88,convai_agent_579,
convai_agent_89,convai_agent_76,
convai_agent_90,convai_agent_149,
convai_agent_91,convai_agent_349,
convai_agent_91,convai_agent_406,
convai_agent_91,convai_agent_497,
convai_agent_92,convai_agent_18,
convai_agent_92,convai_agent_81,
convai_agent_92,convai_agent_134,
convai_agent_92,convai_agent_251,
convai_agent_92,convai_agent_257,
convai_agent_92,convai_agent_294,
convai_agent_92,convai_agent_525,
convai_agent_92,convai_agent_562,
convai_agent_92,convai_agent_584,
convai_agent_93,convai_agent_149,
convai_agent_93,convai_agent_150,
convai_agent_93,convai_agent_154,
convai_agent_93,convai_agent_157,
convai_agent_93,convai_agent_184,
convai_agent_93,convai_agent_215,
convai_agent_93,convai_agent_218,
convai_agent_93,convai_agent_409,
convai_agent_93,convai_agent_491,
convai_agent_94,convai_agent_294,
convai_agent_95,convai_agent_76,
convai_agent_95,convai_agent_214,
convai_agent_96,convai_agent_132,
convai_agent_96,convai_agent_491,
convai_agent_97,convai_agent_76,
convai_agent_98,convai_agent_76,
convai_agent_99,convai_agent_63,
convai_agent_99,convai_agent_76,
convai_agent_99,convai_agent_77,
convai_agent_100,convai_agent_149,
convai_agent_101,convai_agent_76,
convai_agent_102,convai_agent_76,
convai_agent_103,convai_agent_149,
convai_agent_104,convai_agent_149,
convai_agent_105,convai_agent_149,
convai_agent_106,convai_agent_81,
convai_agent_106,convai_agent_294,
convai_agent_107,convai_agent_294,
convai_agent_108,convai_agent_152,
convai_agent_109,convai_agent_171,
convai_agent_109,convai_agent_294,
convai_agent_110,convai_agent_129,
convai_agent_110,convai_agent_149,
convai_agent_110,convai_agent_375,
convai_agent_110,convai_agent_507,
convai_agent_111,convai_agent_276,
convai_agent_111,convai_agent_457,
convai_agent_112,convai_agent_342,
convai_agent_113,convai_agent_294,
convai_agent_114,convai_agent_294,
convai_agent_114,convai_agent_468,
convai_agent_114,convai_agent_477,
convai_agent_114,convai_agent_578,
convai_agent_115,convai_agent_149,
convai_agent_116,convai_agent_226,
convai_agent_117,convai_agent_294,
convai_agent_118,convai_agent_76,
convai_agent_119,convai_agent_7,
convai_agent_119,convai_agent_579,
convai_agent_120,convai_agent_294,
convai_agent_120,convai_agent_324,
convai_agent_121,convai_agent_174,
convai_agent_122,convai_agent_294,
convai_agent_123,convai_agent_76,
convai_agent_123,convai_agent_296,
convai_agent_123,convai_agent_327,
convai_agent_124,convai_agent_294,
convai_agent_125,convai_agent_195,
convai_agent_126,convai_agent_149,
convai_agent_126,convai_agent_205,
convai_agent_127,convai_agent_294,
convai_agent_128,convai_agent_286,
convai_agent_129,convai_agent_110,
convai_agent_130,convai_agent_76,
convai_agent_131,convai_agent_294,
convai_agent_132,convai_agent_96,
convai_agent_132,convai_agent_149,
convai_agent_132,convai_agent_152,
convai_agent_133,convai_agent_49,
convai_agent_134,convai_agent_81,
convai_agent_134,convai_agent_92,
convai_agent_134,convai_agent_294,
convai_agent_135,convai_agent_76,
convai_agent_136,convai_agent_79,
convai_agent_137,convai_agent_149,
convai_agent_137,convai_agent_425,
convai_agent_138,convai_agent_227,
convai_agent_139,convai_agent_357,
convai_agent_140,convai_agent_69,
convai_agent_140,convai_agent_430,
convai_agent_141,convai_agent_581,
convai_agent_142,convai_agent_149,
convai_agent_142,convai_agent_574,
convai_agent_143,convai_agent_149,
convai_agent_144,convai_agent_478,
convai_agent_145,convai_agent_76,
convai_agent_146,convai_agent_149,
convai_agent_147,convai_agent_76,
convai_agent_147,convai_agent_521,
convai_agent_148,convai_agent_242,
convai_agent_149,convai_agent_49,
convai_agent_149,convai_agent_79,
convai_agent_149,convai_agent_152,
convai_agent_149,convai_agent_154,
convai_agent_149,convai_agent_213,
convai_agent_149,convai_agent_227,
convai_agent_150,convai_agent_53,
convai_agent_150,convai_agent_93,
convai_agent_150,convai_agent_154,
convai_agent_150,convai_agent_409,
convai_agent_150,convai_agent_538,
convai_agent_151,convai_agent_76,
convai_agent_152,convai_agent_149,
convai_agent_152,convai_agent_154,
convai_agent_152,convai_agent_218,
convai_agent_153,convai_agent_294,
convai_agent_153,convai_agent_421,
convai_agent_154,convai_agent_49,
convai_agent_154,convai_agent_79,
convai_agent_154,convai_agent_93,
convai_agent_154,convai_agent_149,
convai_agent_154,convai_agent_184,
convai_agent_154,convai_agent_227,
convai_agent_154,convai_agent_246,
convai_agent_154,convai_agent_409,
convai_agent_154,convai_agent_491,
convai_agent_155,convai_agent_76,
convai_agent_156,convai_agent_517,
convai_agent_157,convai_agent_93,
convai_agent_158,convai_agent_149,
convai_agent_159,convai_agent_294,
convai_agent_160,convai_agent_152,
convai_agent_161,convai_agent_76,
convai_agent_161,convai_agent_568,
convai_agent_162,convai_agent_294,
convai_agent_163,convai_agent_294,
convai_agent_163,convai_agent_460,
convai_agent_163,convai_agent_527,
convai_agent_164,convai_agent_76,
convai_agent_165,convai_agent_149,
convai_agent_166,convai_agent_76,
convai_agent_167,convai_agent_149,
convai_agent_168,convai_agent_149,
convai_agent_169,convai_agent_430,
convai_agent_170,convai_agent_294,
convai_agent_170,convai_agent_460,
convai_agent_170,convai_agent_552,
convai_agent_171,convai_agent_109,
convai_agent_172,convai_agent_149,
convai_agent_172,convai_agent_152,
convai_agent_172,convai_agent_154,
convai_agent_173,convai_agent_149,
convai_agent_174,convai_agent_34,
convai_agent_174,convai_agent_49,
convai_agent_174,convai_agent_121,
convai_agent_175,convai_agent_27,
convai_agent_175,convai_agent_259,
convai_agent_175,convai_agent_292,
convai_agent_176,convai_agent_368,
convai_agent_176,convai_agent_589,
convai_agent_177,convai_agent_294,
convai_agent_178,convai_agent_149,
convai_agent_179,convai_agent_294,
convai_agent_179,convai_agent_415,
convai_agent_180,convai_agent_149,
convai_agent_181,convai_agent_149,
convai_agent_182,convai_agent_76,
convai_agent_182,convai_agent_80,
convai_agent_182,convai_agent_214,
convai_agent_182,convai_agent_296,
convai_agent_182,convai_agent_317,
convai_agent_182,convai_agent_463,
convai_agent_183,convai_agent_76,
convai_agent_184,convai_agent_49,
convai_agent_184,convai_agent_79,
convai_agent_184,convai_agent_93,
convai_agent_184,convai_agent_149,
convai_agent_184,convai_agent_152,
convai_agent_184,convai_agent_154,
convai_agent_184,convai_agent_213,
convai_agent_184,convai_agent_246,
convai_agent_184,convai_agent_409,
convai_agent_185,convai_agent_554,
convai_agent_186,convai_agent_149,
convai_agent_187,convai_agent_149,
convai_agent_188,convai_agent_76,
convai_agent_189,convai_agent_149,
convai_agent_190,convai_agent_558,
convai_agent_190,convai_agent_579,
convai_agent_191,convai_agent_283,
convai_agent_192,convai_agent_149,
convai_agent_193,convai_agent_478,
convai_agent_194,convai_agent_149,
convai_agent_195,convai_agent_149,
convai_agent_195,convai_agent_213,
convai_agent_196,convai_agent_294,
convai_agent_197,convai_agent_149,
convai_agent_198,convai_agent_76,
convai_agent_198,convai_agent_333,
convai_agent_199,convai_agent_294,
convai_agent_200,convai_agent_294,
convai_agent_201,convai_agent_149,
convai_agent_202,convai_agent_149,
convai_agent_203,convai_agent_93,
convai_agent_203,convai_agent_150,
convai_agent_203,convai_agent_154,
convai_agent_203,convai_agent_491,
convai_agent_204,convai_agent_76,
convai_agent_205,convai_agent_126,
convai_agent_206,convai_agent_76,
convai_agent_207,convai_agent_73,
convai_agent_208,convai_agent_294,
convai_agent_208,convai_agent_577,
convai_agent_209,convai_agent_76,
convai_agent_210,convai_agent_294,
convai_agent_211,convai_agent_149,
convai_agent_212,convai_agent_149,
convai_agent_213,convai_agent_149,
convai_agent_213,convai_agent_154,
convai_agent_213,convai_agent_246,
convai_agent_214,convai_agent_80,
convai_agent_214,convai_agent_95,
convai_agent_214,convai_agent_182,
convai_agent_215,convai_agent_93,
convai_agent_215,convai_agent_154,
convai_agent_216,convai_agent_93,
convai_agent_216,convai_agent_150,
convai_agent_217,convai_agent_149,
convai_agent_218,convai_agent_149,
convai_agent_218,convai_agent_152,
convai_agent_218,convai_agent_154,
convai_agent_219,convai_agent_218,
convai_agent_220,convai_agent_149,
convai_agent_220,convai_agent_152,
convai_agent_220,convai_agent_154,
convai_agent_221,convai_agent_149,
convai_agent_222,convai_agent_294,
convai_agent_223,convai_agent_76,
convai_agent_224,convai_agent_81,
convai_agent_224,convai_agent_294,
convai_agent_225,convai_agent_214,
convai_agent_226,convai_agent_68,
convai_agent_226,convai_agent_116,
convai_agent_226,convai_agent_149,
convai_agent_226,convai_agent_227,
convai_agent_227,convai_agent_149,
convai_agent_228,convai_agent_49,
convai_agent_229,convai_agent_49,
convai_agent_230,convai_agent_294,
convai_agent_231,convai_agent_294,
convai_agent_231,convai_agent_585,
convai_agent_232,convai_agent_294,
convai_agent_233,convai_agent_458,
convai_agent_234,convai_agent_23,
convai_agent_235,convai_agent_76,
convai_agent_236,convai_agent_81,
convai_agent_236,convai_agent_294,
convai_agent_237,convai_agent_76,
convai_agent_237,convai_agent_320,
convai_agent_238,convai_agent_149,
convai_agent_239,convai_agent_152,
convai_agent_240,convai_agent_76,
convai_agent_241,convai_agent_13,
convai_agent_242,convai_agent_148,
convai_agent_242,convai_agent_294,
convai_agent_243,convai_agent_294,
convai_agent_244,convai_agent_149,
convai_agent_244,convai_agent_227,
convai_agent_245,convai_agent_482,
convai_agent_246,convai_agent_149,
convai_agent_246,convai_agent_154,
convai_agent_246,convai_agent_213,
convai_agent_247,convai_agent_149,
convai_agent_248,convai_agent_76,
convai_agent_249,convai_agent_149,
convai_agent_250,convai_agent_305,
convai_agent_250,convai_agent_315,
convai_agent_251,convai_agent_81,
convai_agent_251,convai_agent_92,
convai_agent_251,convai_agent_134,
convai_agent_251,convai_agent_294,
convai_agent_252,convai_agent_478,
convai_agent_253,convai_agent_539,
convai_agent_254,convai_agent_149,
convai_agent_255,convai_agent_294,
convai_agent_255,convai_agent_366,
convai_agent_256,convai_agent_149,
convai_agent_257,convai_agent_294,
convai_agent_258,convai_agent_149,
convai_agent_259,convai_agent_175,
convai_agent_260,convai_agent_149,
convai_agent_261,convai_agent_76,
convai_agent_262,convai_agent_503,
convai_agent_263,convai_agent_76,
convai_agent_264,convai_agent_93,
convai_agent_264,convai_agent_149,
convai_agent_264,convai_agent_150,
convai_agent_264,convai_agent_154,
convai_agent_264,convai_agent_491,
convai_agent_265,convai_agent_76,
convai_agent_266,convai_agent_294,
convai_agent_266,convai_agent_399,
convai_agent_267,convai_agent_149,
convai_agent_267,convai_agent_152,
convai_agent_268,convai_agent_149,
convai_agent_269,convai_agent_149,
convai_agent_270,convai_agent_154,
convai_agent_271,convai_agent_154,
convai_agent_272,convai_agent_154,
convai_agent_273,convai_agent_149,
convai_agent_273,convai_agent_358,
convai_agent_274,convai_agent_152,
convai_agent_275,convai_agent_81,
convai_agent_275,convai_agent_294,
convai_agent_276,convai_agent_111,
convai_agent_276,convai_agent_285,
convai_agent_276,convai_agent_294,
convai_agent_277,convai_agent_24,
convai_agent_277,convai_agent_294,
convai_agent_278,convai_agent_149,
convai_agent_279,convai_agent_76,
convai_agent_280,convai_agent_76,
convai_agent_281,convai_agent_149,
convai_agent_282,convai_agent_294,
convai_agent_283,convai_agent_76,
convai_agent_283,convai_agent_191,
convai_agent_284,convai_agent_294,
convai_agent_285,convai_agent_276,
convai_agent_285,convai_agent_294,
convai_agent_286,convai_agent_368,
convai_agent_286,convai_agent_536,
convai_agent_287,convai_agent_227,
convai_agent_288,convai_agent_76,
convai_agent_289,convai_agent_76,
convai_agent_290,convai_agent_294,
convai_agent_291,convai_agent_76,
convai_agent_292,convai_agent_294,
convai_agent_293,convai_agent_149,
convai_agent_294,convai_agent_2,
convai_agent_294,convai_agent_4,
convai_agent_294,convai_agent_11,
convai_agent_294,convai_agent_24,
convai_agent_294,convai_agent_26,
convai_agent_294,convai_agent_31,
convai_agent_294,convai_agent_33,
convai_agent_294,convai_agent_58,
convai_agent_294,convai_agent_81,
convai_agent_294,convai_agent_91,
convai_agent_294,convai_agent_92,
convai_agent_294,convai_agent_106,
convai_agent_294,convai_agent_107,
convai_agent_294,convai_agent_109,
convai_agent_294,convai_agent_114,
convai_agent_294,convai_agent_117,
convai_agent_294,convai_agent_120,
convai_agent_294,convai_agent_122,
convai_agent_294,convai_agent_139,
convai_agent_294,convai_agent_140,
convai_agent_294,convai_agent_153,
convai_agent_294,convai_agent_159,
convai_agent_294,convai_agent_170,
convai_agent_294,convai_agent_200,
convai_agent_294,convai_agent_243,
convai_agent_294,convai_agent_245,
convai_agent_294,convai_agent_251,
convai_agent_294,convai_agent_257,
convai_agent_294,convai_agent_276,
convai_agent_294,convai_agent_284,
convai_agent_294,convai_agent_290,
convai_agent_294,convai_agent_297,
convai_agent_294,convai_agent_323,
convai_agent_294,convai_agent_328,
convai_agent_294,convai_agent_330,
convai_agent_294,convai_agent_334,
convai_agent_294,convai_agent_342,
convai_agent_294,convai_agent_346,
convai_agent_294,convai_agent_349,
convai_agent_294,convai_agent_354,
convai_agent_294,convai_agent_364,
convai_agent_294,convai_agent_368,
convai_agent_294,convai_agent_370,
convai_agent_294,convai_agent_372,
convai_agent_294,convai_agent_380,
convai_agent_294,convai_agent_382,
convai_agent_294,convai_agent_399,
convai_agent_294,convai_agent_403,
convai_agent_294,convai_agent_404,
convai_agent_294,convai_agent_406,
convai_agent_294,convai_agent_416,
convai_agent_294,convai_agent_419,
convai_agent_294,convai_agent_420,
convai_agent_294,convai_agent_435,
convai_agent_294,convai_agent_441,
convai_agent_294,convai_agent_443,
convai_agent_294,convai_agent_449,
convai_agent_294,convai_agent_450,
convai_agent_294,convai_agent_459,
convai_agent_294,convai_agent_460,
convai_agent_294,convai_agent_475,
convai_agent_294,convai_agent_477,
convai_agent_294,convai_agent_481,
convai_agent_294,convai_agent_482,
convai_agent_294,convai_agent_483,
convai_agent_294,convai_agent_493,
convai_agent_294,convai_agent_502,
convai_agent_294,convai_agent_503,
convai_agent_294,convai_agent_504,
convai_agent_294,convai_agent_509,
convai_agent_294,convai_agent_520,
convai_agent_294,convai_agent_522,
convai_agent_294,convai_agent_525,
convai_agent_294,convai_agent_527,
convai_agent_294,convai_agent_537,
convai_agent_294,convai_agent_539,
convai_agent_294,convai_agent_547,
convai_agent_294,convai_agent_551,
convai_agent_294,convai_agent_554,
convai_agent_294,convai_agent_557,
convai_agent_294,convai_agent_558,
convai_agent_294,convai_agent_562,
convai_agent_294,convai_agent_563,
convai_agent_294,convai_agent_571,
convai_agent_294,convai_agent_575,
convai_agent_294,convai_agent_579,
convai_agent_294,convai_agent_584,
convai_agent_294,convai_agent_587,
convai_agent_294,convai_agent_589,
convai_agent_294,convai_agent_592,
convai_agent_294,convai_agent_594,
convai_agent_294,convai_agent_595,
convai_agent_294,convai_agent_596,
convai_agent_295,convai_agent_149,
convai_agent_296,convai_agent_76,
convai_agent_296,convai_agent_123,
convai_agent_296,convai_agent_182,
convai_agent_297,convai_agent_294,
convai_agent_298,convai_agent_149,
convai_agent_298,convai_agent_309,
convai_agent_299,convai_agent_149,
convai_agent_300,convai_agent_76,
convai_agent_301,convai_agent_149,
convai_agent_302,convai_agent_149,
convai_agent_302,convai_agent_154,
convai_agent_303,convai_agent_76,
convai_agent_304,convai_agent_149,
convai_agent_305,convai_agent_149,
convai_agent_305,convai_agent_250,
convai_agent_305,convai_agent_315,
convai_agent_306,convai_agent_149,
convai_agent_307,convai_agent_294,
convai_agent_308,convai_agent_76,
convai_agent_309,convai_agent_298,
convai_agent_310,convai_agent_76,
convai_agent_311,convai_agent_149,
convai_agent_312,convai_agent_76,
convai_agent_313,convai_agent_149,
convai_agent_314,convai_agent_294,
convai_agent_315,convai_agent_250,
convai_agent_315,convai_agent_305,
convai_agent_316,convai_agent_149,
convai_agent_317,convai_agent_182,
convai_agent_318,convai_agent_294,
convai_agent_319,convai_agent_149,
convai_agent_320,convai_agent_182,
convai_agent_320,convai_agent_237,
convai_agent_320,convai_agent_296,
convai_agent_320,convai_agent_463,
convai_agent_321,convai_agent_76,
convai_agent_322,convai_agent_149,
convai_agent_322,convai_agent_227,
convai_agent_323,convai_agent_294,
convai_agent_324,convai_agent_120,
convai_agent_325,convai_agent_149,
convai_agent_326,convai_agent_154,
convai_agent_327,convai_agent_123,
convai_agent_328,convai_agent_294,
convai_agent_328,convai_agent_544,
convai_agent_328,convai_agent_559,
convai_agent_329,convai_agent_149,
convai_agent_330,convai_agent_294,
convai_agent_330,convai_agent_536,
convai_agent_331,convai_agent_76,
convai_agent_332,convai_agent_149,
convai_agent_332,convai_agent_152,
convai_agent_333,convai_agent_198,
convai_agent_334,convai_agent_294,
convai_agent_335,convai_agent_149,
convai_agent_336,convai_agent_149,
convai_agent_337,convai_agent_76,
convai_agent_338,convai_agent_76,
convai_agent_339,convai_agent_478,
convai_agent_340,convai_agent_149,
convai_agent_341,convai_agent_418,
convai_agent_342,convai_agent_112,
convai_agent_342,convai_agent_294,
convai_agent_342,convai_agent_553,
convai_agent_343,convai_agent_294,
convai_agent_344,convai_agent_294,
convai_agent_344,convai_agent_372,
convai_agent_345,convai_agent_149,
convai_agent_346,convai_agent_294,
convai_agent_347,convai_agent_294,
convai_agent_348,convai_agent_149,
convai_agent_349,convai_agent_294,
convai_agent_350,convai_agent_149,
convai_agent_351,convai_agent_76,
convai_agent_352,convai_agent_425,
convai_agent_353,convai_agent_79,
convai_agent_354,convai_agent_11,
convai_agent_354,convai_agent_454,
convai_agent_355,convai_agent_76,
convai_agent_355,convai_agent_149,
convai_agent_356,convai_agent_149,
convai_agent_356,convai_agent_227,
convai_agent_357,convai_agent_139,
convai_agent_357,convai_agent_294,
convai_agent_358,convai_agent_273,
convai_agent_359,convai_agent_11,
convai_agent_360,convai_agent_488,
convai_agent_361,convai_agent_76,
convai_agent_362,convai_agent_294,
convai_agent_363,convai_agent_149,
convai_agent_364,convai_agent_294,
convai_agent_364,convai_agent_443,
convai_agent_364,convai_agent_458,
convai_agent_364,convai_agent_510,
convai_agent_364,convai_agent_587,
convai_agent_365,convai_agent_149,
convai_agent_365,convai_agent_213,
convai_agent_366,convai_agent_255,
convai_agent_366,convai_agent_382,
convai_agent_366,convai_agent_462,
convai_agent_366,convai_agent_497,
convai_agent_367,convai_agent_149,
convai_agent_367,convai_agent_184,
convai_agent_368,convai_agent_176,
convai_agent_368,convai_agent_286,
convai_agent_368,convai_agent_536,
convai_agent_368,convai_agent_584,
convai_agent_368,convai_agent_589,
convai_agent_369,convai_agent_150,
convai_agent_369,convai_agent_154,
convai_agent_370,convai_agent_294,
convai_agent_371,convai_agent_294,
convai_agent_372,convai_agent_294,
convai_agent_372,convai_agent_344,
convai_agent_373,convai_agent_5,
convai_agent_373,convai_agent_149,
convai_agent_373,convai_agent_506,
convai_agent_374,convai_agent_149,
convai_agent_375,convai_agent_79,
convai_agent_375,convai_agent_110,
convai_agent_375,convai_agent_154,
convai_agent_376,convai_agent_149,
convai_agent_377,convai_agent_149,
convai_agent_378,convai_agent_149,
convai_agent_379,convai_agent_76,
convai_agent_380,convai_agent_294,
convai_agent_381,convai_agent_294,
convai_agent_382,convai_agent_294,
convai_agent_382,convai_agent_366,
convai_agent_383,convai_agent_76,
convai_agent_384,convai_agent_154,
convai_agent_384,convai_agent_410,
convai_agent_385,convai_agent_76,
convai_agent_385,convai_agent_77,
convai_agent_386,convai_agent_294,
convai_agent_387,convai_agent_294,
convai_agent_388,convai_agent_49,
convai_agent_389,convai_agent_528,
convai_agent_390,convai_agent_294,
convai_agent_391,convai_agent_294,
convai_agent_392,convai_agent_149,
convai_agent_393,convai_agent_294,
convai_agent_394,convai_agent_429,
convai_agent_394,convai_agent_476,
convai_agent_394,convai_agent_478,
convai_agent_395,convai_agent_79,
convai_agent_395,convai_agent_149,
convai_agent_395,convai_agent_152,
convai_agent_395,convai_agent_218,
convai_agent_395,convai_agent_398,
convai_agent_395,convai_agent_400,
convai_agent_396,convai_agent_76,
convai_agent_397,convai_agent_149,
convai_agent_398,convai_agent_395,
convai_agent_399,convai_agent_266,
convai_agent_400,convai_agent_49,
convai_agent_400,convai_agent_149,
convai_agent_400,convai_agent_213,
convai_agent_400,convai_agent_246,
convai_agent_401,convai_agent_139,
convai_agent_401,convai_agent_294,
convai_agent_401,convai_agent_357,
convai_agent_401,convai_agent_450,
convai_agent_402,convai_agent_227,
convai_agent_403,convai_agent_294,
convai_agent_404,convai_agent_294,
convai_agent_405,convai_agent_152,
convai_agent_406,convai_agent_91,
convai_agent_406,convai_agent_294,
convai_agent_406,convai_agent_497,
convai_agent_407,convai_agent_149,
convai_agent_408,convai_agent_149,
convai_agent_409,convai_agent_49,
convai_agent_409,convai_agent_93,
convai_agent_409,convai_agent_149,
convai_agent_409,convai_agent_150,
convai_agent_409,convai_agent_152,
convai_agent_409,convai_agent_154,
convai_agent_409,convai_agent_227,
convai_agent_409,convai_agent_491,
convai_agent_410,convai_agent_384,
convai_agent_411,convai_agent_294,
convai_agent_412,convai_agent_30,
convai_agent_413,convai_agent_149,
convai_agent_414,convai_agent_149,
convai_agent_415,convai_agent_179,
convai_agent_415,convai_agent_547,
convai_agent_415,convai_agent_554,
convai_agent_415,convai_agent_557,
convai_agent_416,convai_agent_294,
convai_agent_417,convai_agent_76,
convai_agent_417,convai_agent_77,
convai_agent_418,convai_agent_294,
convai_agent_418,convai_agent_341,
convai_agent_419,convai_agent_294,
convai_agent_420,convai_agent_75,
convai_agent_420,convai_agent_503,
convai_agent_421,convai_agent_153,
convai_agent_422,convai_agent_437,
convai_agent_422,convai_agent_478,
convai_agent_423,convai_agent_93,
convai_agent_424,convai_agent_294,
convai_agent_425,convai_agent_137,
convai_agent_425,convai_agent_352,
convai_agent_426,convai_agent_460,
convai_agent_426,convai_agent_525,
convai_agent_427,convai_agent_149,
convai_agent_428,convai_agent_76,
convai_agent_429,convai_agent_394,
convai_agent_430,convai_agent_140,
convai_agent_430,convai_agent_587,
convai_agent_431,convai_agent_149,
convai_agent_432,convai_agent_76,
convai_agent_433,convai_agent_530,
convai_agent_434,convai_agent_149,
convai_agent_435,convai_agent_294,
convai_agent_436,convai_agent_76,
convai_agent_437,convai_agent_422,
convai_agent_438,convai_agent_495,
convai_agent_439,convai_agent_149,
convai_agent_440,convai_agent_348,
convai_agent_441,convai_agent_294,
convai_agent_442,convai_agent_76,
convai_agent_443,convai_agent_364,
convai_agent_443,convai_agent_503,
convai_agent_444,convai_agent_149,
convai_agent_445,convai_agent_562,
convai_agent_446,convai_agent_294,
convai_agent_447,convai_agent_76,
convai_agent_447,convai_agent_383,
convai_agent_448,convai_agent_76,
convai_agent_449,convai_agent_294,
convai_agent_450,convai_agent_401,
convai_agent_451,convai_agent_149,
convai_agent_452,convai_agent_149,
convai_agent_453,convai_agent_26,
convai_agent_454,convai_agent_11,
convai_agent_454,convai_agent_354,
convai_agent_455,convai_agent_149,
convai_agent_456,convai_agent_294,
convai_agent_457,convai_agent_111,
convai_agent_458,convai_agent_2,
convai_agent_458,convai_agent_364,
convai_agent_458,convai_agent_551,
convai_agent_459,convai_agent_294,
convai_agent_460,convai_agent_163,
convai_agent_460,convai_agent_170,
convai_agent_460,convai_agent_294,
convai_agent_460,convai_agent_426,
convai_agent_460,convai_agent_483,
convai_agent_461,convai_agent_149,
convai_agent_462,convai_agent_294,
convai_agent_462,convai_agent_366,
convai_agent_463,convai_agent_182,
convai_agent_464,convai_agent_149,
convai_agent_465,convai_agent_149,
convai_agent_465,convai_agent_227,
convai_agent_466,convai_agent_76,
convai_agent_467,convai_agent_294,
convai_agent_468,convai_agent_114,
convai_agent_468,convai_agent_477,
convai_agent_468,convai_agent_520,
convai_agent_468,convai_agent_559,
convai_agent_469,convai_agent_294,
convai_agent_470,convai_agent_76,
convai_agent_470,convai_agent_564,
convai_agent_471,convai_agent_149,
convai_agent_472,convai_agent_510,
convai_agent_473,convai_agent_505,
convai_agent_474,convai_agent_294,
convai_agent_475,convai_agent_294,
convai_agent_475,convai_agent_482,
convai_agent_476,convai_agent_394,
convai_agent_477,convai_agent_294,
convai_agent_478,convai_agent_149,
convai_agent_479,convai_agent_149,
convai_agent_480,convai_agent_76,
convai_agent_481,convai_agent_294,
convai_agent_482,convai_agent_245,
convai_agent_482,convai_agent_294,
convai_agent_483,convai_agent_294,
convai_agent_483,convai_agent_460,
convai_agent_483,convai_agent_562,
convai_agent_484,convai_agent_149,
convai_agent_485,convai_agent_76,
convai_agent_486,convai_agent_149,
convai_agent_487,convai_agent_294,
convai_agent_488,convai_agent_149,
convai_agent_488,convai_agent_360,
convai_agent_489,convai_agent_76,
convai_agent_490,convai_agent_149,
convai_agent_490,convai_agent_579,
convai_agent_491,convai_agent_154,
convai_agent_491,convai_agent_409,
convai_agent_492,convai_agent_76,
convai_agent_492,convai_agent_149,
convai_agent_492,convai_agent_151,
convai_agent_493,convai_agent_294,
convai_agent_494,convai_agent_149,
convai_agent_495,convai_agent_149,
convai_agent_495,convai_agent_438,
convai_agent_496,convai_agent_76,
convai_agent_497,convai_agent_59,
convai_agent_497,convai_agent_360,
convai_agent_497,convai_agent_366,
convai_agent_497,convai_agent_406,
convai_agent_498,convai_agent_149,
convai_agent_499,convai_agent_149,
convai_agent_500,convai_agent_76,
convai_agent_501,convai_agent_152,
convai_agent_502,convai_agent_294,
convai_agent_503,convai_agent_24,
convai_agent_503,convai_agent_262,
convai_agent_503,convai_agent_420,
convai_agent_503,convai_agent_443,
convai_agent_504,convai_agent_11,
convai_agent_505,convai_agent_149,
convai_agent_505,convai_agent_473,
convai_agent_506,convai_agent_149,
convai_agent_506,convai_agent_373,
convai_agent_507,convai_agent_110,
convai_agent_508,convai_agent_76,
convai_agent_509,convai_agent_140,
convai_agent_509,convai_agent_294,
convai_agent_510,convai_agent_364,
convai_agent_510,convai_agent_472,
convai_agent_510,convai_agent_536,
convai_agent_511,convai_agent_149,
convai_agent_512,convai_agent_76,
convai_agent_513,convai_agent_562,
convai_agent_513,convai_agent_595,
convai_agent_514,convai_agent_76,
convai_agent_515,convai_agent_152,
convai_agent_516,convai_agent_64,
convai_agent_516,convai_agent_79,
convai_agent_517,convai_agent_149,
convai_agent_517,convai_agent_156,
convai_agent_518,convai_agent_149,
convai_agent_519,convai_agent_149,
convai_agent_519,convai_agent_246,
convai_agent_519,convai_agent_400,
convai_agent_520,convai_agent_468,
convai_agent_520,convai_agent_578,
convai_agent_521,convai_agent_76,
convai_agent_522,convai_agent_294,
convai_agent_523,convai_agent_562,
convai_agent_524,convai_agent_76,
convai_agent_525,convai_agent_134,
convai_agent_525,convai_agent_294,
convai_agent_526,convai_agent_149,
convai_agent_526,convai_agent_227,
convai_agent_527,convai_agent_294,
convai_agent_528,convai_agent_149,
convai_agent_528,convai_agent_389,
convai_agent_529,convai_agent_154,
convai_agent_529,convai_agent_409,
convai_agent_530,convai_agent_43,
convai_agent_530,convai_agent_536,
convai_agent_531,convai_agent_294,
convai_agent_532,convai_agent_149,
convai_agent_533,convai_agent_76,
convai_agent_534,convai_agent_149,
convai_agent_535,convai_agent_149,
convai_agent_536,convai_agent_33,
convai_agent_536,convai_agent_43,
convai_agent_536,convai_agent_286,
convai_agent_536,convai_agent_330,
convai_agent_536,convai_agent_368,
convai_agent_536,convai_agent_510,
convai_agent_536,convai_agent_530,
convai_agent_537,convai_agent_294,
convai_agent_538,convai_agent_150,
convai_agent_538,convai_agent_154,
convai_agent_539,convai_agent_253,
convai_agent_539,convai_agent_294,
convai_agent_540,convai_agent_294,
convai_agent_541,convai_agent_149,
convai_agent_542,convai_agent_76,
convai_agent_543,convai_agent_31,
convai_agent_543,convai_agent_294,
convai_agent_544,convai_agent_57,
convai_agent_544,convai_agent_294,
convai_agent_544,convai_agent_328,
convai_agent_544,convai_agent_559,
convai_agent_545,convai_agent_152,
convai_agent_546,convai_agent_22,
convai_agent_547,convai_agent_294,
convai_agent_547,convai_agent_415,
convai_agent_548,convai_agent_149,
convai_agent_549,convai_agent_294,
convai_agent_549,convai_agent_582,
convai_agent_550,convai_agent_600,
convai_agent_551,convai_agent_2,
convai_agent_551,convai_agent_65,
convai_agent_551,convai_agent_458,
convai_agent_552,convai_agent_170,
convai_agent_553,convai_agent_342,
convai_agent_554,convai_agent_185,
convai_agent_554,convai_agent_415,
convai_agent_554,convai_agent_557,
convai_agent_555,convai_agent_149,
convai_agent_556,convai_agent_149,
convai_agent_557,convai_agent_294,
convai_agent_557,convai_agent_415,
convai_agent_557,convai_agent_554,
convai_agent_557,convai_agent_587,
convai_agent_558,convai_agent_294,
convai_agent_558,convai_agent_579,
convai_agent_559,convai_agent_328,
convai_agent_560,convai_agent_149,
convai_agent_561,convai_agent_76,
convai_agent_562,convai_agent_445,
convai_agent_562,convai_agent_513,
convai_agent_563,convai_agent_294,
convai_agent_563,convai_agent_579,
convai_agent_564,convai_agent_80,
convai_agent_564,convai_agent_470,
convai_agent_565,convai_agent_149,
convai_agent_566,convai_agent_149,
convai_agent_567,convai_agent_36,
convai_agent_568,convai_agent_76,
convai_agent_568,convai_agent_77,
convai_agent_568,convai_agent_151,
convai_agent_568,convai_agent_161,
convai_agent_569,convai_agent_149,
convai_agent_570,convai_agent_149,
convai_agent_571,convai_agent_81,
convai_agent_571,convai_agent_294,
convai_agent_572,convai_agent_585,
convai_agent_573,convai_agent_76,
convai_agent_574,convai_agent_142,
convai_agent_575,convai_agent_294,
convai_agent_575,convai_agent_364,
convai_agent_576,convai_agent_49,
convai_agent_576,convai_agent_149,
convai_agent_576,convai_agent_154,
convai_agent_577,convai_agent_28,
convai_agent_577,convai_agent_208,
convai_agent_578,convai_agent_114,
convai_agent_579,convai_agent_88,
convai_agent_579,convai_agent_119,
convai_agent_579,convai_agent_490,
convai_agent_579,convai_agent_558,
convai_agent_580,convai_agent_294,
convai_agent_581,convai_agent_141,
convai_agent_581,convai_agent_294,
convai_agent_582,convai_agent_549,
convai_agent_583,convai_agent_149,
convai_agent_584,convai_agent_92,
convai_agent_584,convai_agent_294,
convai_agent_584,convai_agent_368,
convai_agent_585,convai_agent_43,
convai_agent_585,convai_agent_231,
convai_agent_586,convai_agent_294,
convai_agent_587,convai_agent_364,
convai_agent_587,convai_agent_557,
convai_agent_588,convai_agent_149,
convai_agent_589,convai_agent_176,
convai_agent_589,convai_agent_294,
convai_agent_589,convai_agent_368,
convai_agent_590,convai_agent_149,
convai_agent_591,convai_agent_294,
convai_agent_591,convai_agent_460,
convai_agent_591,convai_agent_585,
convai_agent_592,convai_agent_13,
convai_agent_592,convai_agent_139,
convai_agent_593,convai_agent_294,
convai_agent_594,convai_agent_294,
convai_agent_595,convai_agent_294,
convai_agent_595,convai_agent_513,
convai_agent_596,convai_agent_294,
convai_agent_597,convai_agent_149,
convai_agent_598,convai_agent_360,
convai_agent_598,convai_agent_488,
convai_agent_599,convai_agent_149,
convai_agent_600,convai_agent_294,
convai_agent_600,convai_agent_550,
